<?xml version="1.0" encoding="UTF-8"?>
<project-private xmlns="http://www.netbeans.org/ns/project-private/1">
    <editor-bookmarks xmlns="http://www.netbeans.org/ns/editor-bookmarks/2" lastBookmarkId="0"/>
    <open-files xmlns="http://www.netbeans.org/ns/projectui-open-files/2">
        <group>
            <file>file:/C:/Users/user/OneDrive/Documents/NetBeansProjects/ST10077892PROG5121POEPARTTHREE/src/st10077892prog5121poepartthree/ST10077892PROG5121POEPARTTHREE.java</file>
            <file>file:/C:/Users/user/OneDrive/Documents/NetBeansProjects/ST10077892PROG5121POEPARTTHREE/src/st10077892prog5121poepartthree/TaskManager.java</file>
            <file>file:/C:/Users/user/OneDrive/Documents/NetBeansProjects/ST10077892PROG5121POEPARTTHREE/src/st10077892prog5121poepartthree/Task.java</file>
            <file>file:/C:/Users/user/OneDrive/Documents/NetBeansProjects/ST10077892PROG5121POEPARTTHREE/src/st10077892prog5121poepartthree/Login.java</file>
            <file>file:/C:/Users/user/OneDrive/Documents/NetBeansProjects/ST10077892PROG5121POEPARTTHREE/src/st10077892prog5121poepartthree/LoginTest.java</file>
            <file>file:/C:/Users/user/OneDrive/Documents/NetBeansProjects/ST10077892PROG5121POEPARTTHREE/src/st10077892prog5121poepartthree/TaskManagerTest.java</file>
        </group>
    </open-files>
</project-private>
